countryCode,countryName,year,electricityAccess,region
ZWE,Zimbabwe,2016,42.5,Sub-Saharan Africa
ZMB,Zambia,2017,40.3,Sub-Saharan Africa
ZWE,Zimbabwe,2017,44.0,Sub-Saharan Africa
VNM,Vietnam,2009,96.1,East Asia & Pacific
VIR,Virgin Islands (U.S.),2009,100.0,North America
ZMB,Zambia,2009,26.6,Sub-Saharan Africa
ZWE,Zimbabwe,2009,43.4,Sub-Saharan Africa
ZMB,Zambia,2018,40.2,Sub-Saharan Africa
ZWE,Zimbabwe,2018,45.4,Sub-Saharan Africa
ZMB,Zambia,2011,28.3,Sub-Saharan Africa
ZWE,Zimbabwe,2011,36.9,Sub-Saharan Africa
ZMB,Zambia,2014,27.9,Sub-Saharan Africa
ZWE,Zimbabwe,2014,32.3,Sub-Saharan Africa
ZWE,Zimbabwe,2012,44.0,Sub-Saharan Africa
VNM,Vietnam,2002,89.1,East Asia & Pacific
VIR,Virgin Islands (U.S.),2002,100.0,North America
ZMB,Zambia,2002,17.4,Sub-Saharan Africa
ZWE,Zimbabwe,2002,34.2,Sub-Saharan Africa
VNM,Vietnam,2010,97.4,East Asia & Pacific
VIR,Virgin Islands (U.S.),2010,100.0,North America
ZMB,Zambia,2010,22.0,Sub-Saharan Africa
ZWE,Zimbabwe,2010,38.9,Sub-Saharan Africa
VNM,Vietnam,2001,88.9,East Asia & Pacific
VIR,Virgin Islands (U.S.),2001,100.0,North America
ZMB,Zambia,2001,20.2,Sub-Saharan Africa
ZWE,Zimbabwe,2001,34.2,Sub-Saharan Africa
ZMB,Zambia,2020,44.6,Sub-Saharan Africa
ZWE,Zimbabwe,2020,52.7,Sub-Saharan Africa
VNM,Vietnam,2003,90.3,East Asia & Pacific
VIR,Virgin Islands (U.S.),2003,100.0,North America
ZMB,Zambia,2003,18.5,Sub-Saharan Africa
ZWE,Zimbabwe,2003,35.1,Sub-Saharan Africa
VNM,Vietnam,2008,93.8,East Asia & Pacific
VIR,Virgin Islands (U.S.),2008,100.0,North America
ZMB,Zambia,2008,25.7,Sub-Saharan Africa
ZWE,Zimbabwe,2008,37.7,Sub-Saharan Africa
VIR,Virgin Islands (U.S.),2005,100.0,North America
ZMB,Zambia,2005,23.3,Sub-Saharan Africa
ZWE,Zimbabwe,2005,36.1,Sub-Saharan Africa
ARG,Argentina,2011,99.0,Latin America & Caribbean
AUS,Australia,2011,100.0,East Asia & Pacific
ARG,Argentina,2010,98.8,Latin America & Caribbean
AUS,Australia,2010,100.0,East Asia & Pacific
ZMB,Zambia,2021,46.7,Sub-Saharan Africa
ZWE,Zimbabwe,2021,49.0,Sub-Saharan Africa
VNM,Vietnam,2007,93.1,East Asia & Pacific
VIR,Virgin Islands (U.S.),2007,100.0,North America
ZMB,Zambia,2007,18.5,Sub-Saharan Africa
ZWE,Zimbabwe,2007,37.2,Sub-Saharan Africa
VNM,Vietnam,2013,98.5,East Asia & Pacific
VIR,Virgin Islands (U.S.),2013,100.0,North America
ZMB,Zambia,2013,30.1,Sub-Saharan Africa
ZWE,Zimbabwe,2013,40.6,Sub-Saharan Africa
VNM,Vietnam,2022,100.0,East Asia & Pacific
VIR,Virgin Islands (U.S.),2022,100.0,North America
ZMB,Zambia,2022,47.8,Sub-Saharan Africa
ZWE,Zimbabwe,2022,50.1,Sub-Saharan Africa
ARG,Argentina,2008,97.5,Latin America & Caribbean
AUS,Australia,2008,100.0,East Asia & Pacific
VNM,Vietnam,2000,88.2,East Asia & Pacific
VIR,Virgin Islands (U.S.),2000,100.0,North America
ZMB,Zambia,2000,16.7,Sub-Saharan Africa
ZWE,Zimbabwe,2000,33.7,Sub-Saharan Africa
CHN,China,2014,100.0,East Asia & Pacific
COL,Colombia,2014,97.8,Latin America & Caribbean
CHL,Chile,2017,99.7,Latin America & Caribbean
CHN,China,2017,100.0,East Asia & Pacific
COL,Colombia,2017,98.5,Latin America & Caribbean
KEN,Kenya,2014,36.0,Sub-Saharan Africa
KOR,"Korea, Rep.",2014,100.0,East Asia & Pacific
CHL,Chile,2013,99.6,Latin America & Caribbean
CHN,China,2013,100.0,East Asia & Pacific
COL,Colombia,2013,97.8,Latin America & Caribbean
VNM,Vietnam,2015,99.3,East Asia & Pacific
VIR,Virgin Islands (U.S.),2015,100.0,North America
ZMB,Zambia,2015,31.1,Sub-Saharan Africa
ZWE,Zimbabwe,2015,33.7,Sub-Saharan Africa
NPL,Nepal,2016,90.7,South Asia
NLD,Netherlands,2016,100.0,Europe & Central Asia
NZL,New Zealand,2016,100.0,East Asia & Pacific
NGA,Nigeria,2016,59.3,Sub-Saharan Africa
BRA,Brazil,2016,99.7,Latin America & Caribbean
CHN,China,2016,100.0,East Asia & Pacific
COL,Colombia,2016,98.4,Latin America & Caribbean
CHL,Chile,2009,99.6,Latin America & Caribbean
CHN,China,2009,99.1,East Asia & Pacific
COL,Colombia,2009,96.1,Latin America & Caribbean
IND,India,2017,91.8,South Asia
IDN,Indonesia,2017,98.1,East Asia & Pacific
IRN,"Iran, Islamic Rep.",2017,99.9,Middle East & North Africa
IRQ,Iraq,2017,99.9,Middle East & North Africa
ITA,Italy,2017,100.0,Europe & Central Asia
UGA,Uganda,2011,14.6,Sub-Saharan Africa
UKR,Ukraine,2011,100.0,Europe & Central Asia
ARE,United Arab Emirates,2011,100.0,Middle East & North Africa
GBR,United Kingdom,2011,100.0,Europe & Central Asia
USA,United States,2011,100.0,North America
VNM,Vietnam,2011,99.0,East Asia & Pacific
VIR,Virgin Islands (U.S.),2011,100.0,North America
JPN,Japan,2017,100.0,East Asia & Pacific
KEN,Kenya,2017,55.8,Sub-Saharan Africa
KOR,"Korea, Rep.",2017,100.0,East Asia & Pacific
IND,India,2014,85.1,South Asia
IDN,Indonesia,2014,97.0,East Asia & Pacific
IRN,"Iran, Islamic Rep.",2014,100.0,Middle East & North Africa
IRQ,Iraq,2014,99.2,Middle East & North Africa
ITA,Italy,2014,100.0,Europe & Central Asia
JPN,Japan,2014,100.0,East Asia & Pacific
USA,United States,2019,100.0,North America
VNM,Vietnam,2019,99.4,East Asia & Pacific
VIR,Virgin Islands (U.S.),2019,100.0,North America
ZMB,Zambia,2019,43.0,Sub-Saharan Africa
ZWE,Zimbabwe,2019,46.7,Sub-Saharan Africa
NPL,Nepal,2013,77.4,South Asia
NLD,Netherlands,2013,100.0,Europe & Central Asia
NZL,New Zealand,2013,100.0,East Asia & Pacific
NGA,Nigeria,2013,55.6,Sub-Saharan Africa
KEN,Kenya,2016,53.1,Sub-Saharan Africa
KOR,"Korea, Rep.",2016,100.0,East Asia & Pacific
MAR,Morocco,2012,96.4,Middle East & North Africa
NPL,Nepal,2012,75.2,South Asia
NLD,Netherlands,2012,100.0,Europe & Central Asia
NZL,New Zealand,2012,100.0,East Asia & Pacific
CHL,Chile,2018,100.0,Latin America & Caribbean
CHN,China,2018,100.0,East Asia & Pacific
COL,Colombia,2018,98.5,Latin America & Caribbean
THA,Thailand,2014,99.5,East Asia & Pacific
UGA,Uganda,2014,20.4,Sub-Saharan Africa
UKR,Ukraine,2014,100.0,Europe & Central Asia
IND,India,2018,95.7,South Asia
IDN,Indonesia,2018,98.5,East Asia & Pacific
IRN,"Iran, Islamic Rep.",2018,100.0,Middle East & North Africa
IRQ,Iraq,2018,99.9,Middle East & North Africa
ITA,Italy,2018,100.0,Europe & Central Asia
CAN,Canada,2011,100.0,North America
CHL,Chile,2011,99.6,Latin America & Caribbean
CHN,China,2011,99.9,East Asia & Pacific
COL,Colombia,2011,96.7,Latin America & Caribbean
BRA,Brazil,2012,99.5,Latin America & Caribbean
CAN,Canada,2012,100.0,North America
CHL,Chile,2012,100.0,Latin America & Caribbean
CHN,China,2012,99.9,East Asia & Pacific
COL,Colombia,2012,97.0,Latin America & Caribbean
BRA,Brazil,2017,99.8,Latin America & Caribbean
CAN,Canada,2017,100.0,North America
BRA,Brazil,2014,99.7,Latin America & Caribbean
IND,India,2016,89.6,South Asia
IDN,Indonesia,2016,97.6,East Asia & Pacific
IRN,"Iran, Islamic Rep.",2016,100.0,Middle East & North Africa
IRQ,Iraq,2016,99.7,Middle East & North Africa
ITA,Italy,2016,100.0,Europe & Central Asia
JPN,Japan,2016,100.0,East Asia & Pacific
ARG,Argentina,2017,100.0,Latin America & Caribbean
AUS,Australia,2017,100.0,East Asia & Pacific
NGA,Nigeria,2017,54.4,Sub-Saharan Africa
NOR,Norway,2017,100.0,Europe & Central Asia
PAK,Pakistan,2017,92.7,South Asia
PER,Peru,2017,94.8,Latin America & Caribbean
PHL,Philippines,2017,93.0,East Asia & Pacific
MYS,Malaysia,2014,99.7,East Asia & Pacific
KEN,Kenya,2013,40.1,Sub-Saharan Africa
KOR,"Korea, Rep.",2013,100.0,East Asia & Pacific
ARG,Argentina,2014,100.0,Latin America & Caribbean
AUS,Australia,2014,100.0,East Asia & Pacific
BGD,Bangladesh,2014,62.4,South Asia
NPL,Nepal,2009,59.3,South Asia
NLD,Netherlands,2009,100.0,Europe & Central Asia
NZL,New Zealand,2009,100.0,East Asia & Pacific
NGA,Nigeria,2009,50.0,Sub-Saharan Africa
NOR,Norway,2009,100.0,Europe & Central Asia
MAR,Morocco,2017,100.0,Middle East & North Africa
NPL,Nepal,2017,86.6,South Asia
NLD,Netherlands,2017,100.0,Europe & Central Asia
NZL,New Zealand,2017,100.0,East Asia & Pacific
SAU,Saudi Arabia,2013,100.0,Middle East & North Africa
MYS,Malaysia,2016,99.9,East Asia & Pacific
ARG,Argentina,2016,99.9,Latin America & Caribbean
AUS,Australia,2016,100.0,East Asia & Pacific
BGD,Bangladesh,2016,75.9,South Asia
ITA,Italy,2012,100.0,Europe & Central Asia
JPN,Japan,2012,100.0,East Asia & Pacific
KEN,Kenya,2012,38.1,Sub-Saharan Africa
KOR,"Korea, Rep.",2012,100.0,East Asia & Pacific
ETH,Ethiopia,2013,30.8,Sub-Saharan Africa
FRA,France,2013,100.0,Europe & Central Asia
DEU,Germany,2013,100.0,Europe & Central Asia
IND,India,2009,75.0,South Asia
IDN,Indonesia,2009,93.6,East Asia & Pacific
IRN,"Iran, Islamic Rep.",2009,99.7,Middle East & North Africa
IRQ,Iraq,2009,98.1,Middle East & North Africa
ITA,Italy,2009,100.0,Europe & Central Asia
JPN,Japan,2009,100.0,East Asia & Pacific
ZAF,South Africa,2017,84.4,Sub-Saharan Africa
CAN,Canada,2010,100.0,North America
CHL,Chile,2010,99.5,Latin America & Caribbean
CHN,China,2010,99.7,East Asia & Pacific
COL,Colombia,2010,96.8,Latin America & Caribbean
MAR,Morocco,2014,97.3,Middle East & North Africa
NPL,Nepal,2014,84.9,South Asia
NLD,Netherlands,2014,100.0,Europe & Central Asia
NZL,New Zealand,2014,100.0,East Asia & Pacific
BRA,Brazil,2006,97.6,Latin America & Caribbean
NOR,Norway,2013,100.0,Europe & Central Asia
PAK,Pakistan,2013,89.3,South Asia
PER,Peru,2013,92.1,Latin America & Caribbean
PHL,Philippines,2013,87.5,East Asia & Pacific
POL,Poland,2013,100.0,Europe & Central Asia
MYS,Malaysia,2013,99.6,East Asia & Pacific
ZAF,South Africa,2014,85.9,Sub-Saharan Africa
CAN,Canada,2014,100.0,North America
CHL,Chile,2014,100.0,Latin America & Caribbean
CAN,Canada,2016,100.0,North America
CHL,Chile,2016,100.0,Latin America & Caribbean
IRN,"Iran, Islamic Rep.",2006,98.4,Middle East & North Africa
IRQ,Iraq,2006,97.6,Middle East & North Africa
ITA,Italy,2006,100.0,Europe & Central Asia
JPN,Japan,2006,100.0,East Asia & Pacific
KEN,Kenya,2006,26.4,Sub-Saharan Africa
NPL,Nepal,2008,56.0,South Asia
NLD,Netherlands,2008,100.0,Europe & Central Asia
NZL,New Zealand,2008,100.0,East Asia & Pacific
NGA,Nigeria,2008,50.3,Sub-Saharan Africa
NOR,Norway,2008,100.0,Europe & Central Asia
NGA,Nigeria,2014,54.2,Sub-Saharan Africa
NOR,Norway,2014,100.0,Europe & Central Asia
PAK,Pakistan,2014,90.1,South Asia
PER,Peru,2014,92.9,Latin America & Caribbean
PHL,Philippines,2014,89.8,East Asia & Pacific
CHL,Chile,2019,100.0,Latin America & Caribbean
CHN,China,2019,100.0,East Asia & Pacific
COL,Colombia,2019,99.4,Latin America & Caribbean
KEN,Kenya,2009,23.0,Sub-Saharan Africa
KOR,"Korea, Rep.",2009,100.0,East Asia & Pacific
CAN,Canada,2004,100.0,North America
CHL,Chile,2004,97.5,Latin America & Caribbean
CHN,China,2004,97.7,East Asia & Pacific
COL,Colombia,2004,95.3,Latin America & Caribbean
ARG,Argentina,2013,99.3,Latin America & Caribbean
AUS,Australia,2013,100.0,East Asia & Pacific
BGD,Bangladesh,2013,61.5,South Asia
IND,India,2008,74.1,South Asia
IDN,Indonesia,2008,92.7,East Asia & Pacific
IRN,"Iran, Islamic Rep.",2008,98.8,Middle East & North Africa
IRQ,Iraq,2008,97.9,Middle East & North Africa
ITA,Italy,2008,100.0,Europe & Central Asia
ETH,Ethiopia,2014,27.2,Sub-Saharan Africa
FRA,France,2014,100.0,Europe & Central Asia
DEU,Germany,2014,100.0,Europe & Central Asia
CAN,Canada,2015,100.0,North America
CHL,Chile,2015,99.7,Latin America & Caribbean
CHN,China,2015,100.0,East Asia & Pacific
COL,Colombia,2015,98.2,Latin America & Caribbean
CAN,Canada,2020,100.0,North America
CHL,Chile,2020,100.0,Latin America & Caribbean
CHN,China,2020,100.0,East Asia & Pacific
COL,Colombia,2020,99.7,Latin America & Caribbean
ARG,Argentina,2012,99.1,Latin America & Caribbean
AUS,Australia,2012,100.0,East Asia & Pacific
IND,India,2004,64.4,South Asia
IDN,Indonesia,2004,89.0,East Asia & Pacific
IRN,"Iran, Islamic Rep.",2004,98.3,Middle East & North Africa
IRQ,Iraq,2004,97.3,Middle East & North Africa
SWE,Sweden,2005,100.0,Europe & Central Asia
TZA,Tanzania,2005,13.8,Sub-Saharan Africa
THA,Thailand,2005,92.8,East Asia & Pacific
IRQ,Iraq,2010,98.4,Middle East & North Africa
ITA,Italy,2010,100.0,Europe & Central Asia
JPN,Japan,2010,100.0,East Asia & Pacific
KEN,Kenya,2010,19.2,Sub-Saharan Africa
CHN,China,2006,98.2,East Asia & Pacific
COL,Colombia,2006,95.7,Latin America & Caribbean
BGD,Bangladesh,2017,88.0,South Asia
THA,Thailand,2016,99.9,East Asia & Pacific
UGA,Uganda,2016,26.7,Sub-Saharan Africa
UKR,Ukraine,2016,100.0,Europe & Central Asia
ZAF,South Africa,2016,83.9,Sub-Saharan Africa
ESP,Spain,2016,100.0,Europe & Central Asia
BRA,Brazil,2010,98.6,Latin America & Caribbean
JPN,Japan,2018,100.0,East Asia & Pacific
KEN,Kenya,2018,61.2,Sub-Saharan Africa
KOR,"Korea, Rep.",2018,100.0,East Asia & Pacific
BRA,Brazil,2013,99.6,Latin America & Caribbean
NPL,Nepal,2019,89.9,South Asia
NLD,Netherlands,2019,100.0,Europe & Central Asia
NZL,New Zealand,2019,100.0,East Asia & Pacific
NGA,Nigeria,2019,55.4,Sub-Saharan Africa
IND,India,2012,79.9,South Asia
IDN,Indonesia,2012,96.0,East Asia & Pacific
IRN,"Iran, Islamic Rep.",2012,99.5,Middle East & North Africa
IRQ,Iraq,2012,99.3,Middle East & North Africa
UGA,Uganda,2008,15.9,Sub-Saharan Africa
UKR,Ukraine,2008,99.8,Europe & Central Asia
ARE,United Arab Emirates,2008,100.0,Middle East & North Africa
GBR,United Kingdom,2008,100.0,Europe & Central Asia
USA,United States,2008,100.0,North America
UGA,Uganda,2013,13.9,Sub-Saharan Africa
UKR,Ukraine,2013,100.0,Europe & Central Asia
ARE,United Arab Emirates,2013,100.0,Middle East & North Africa
GBR,United Kingdom,2013,100.0,Europe & Central Asia
USA,United States,2013,100.0,North America
ITA,Italy,2011,100.0,Europe & Central Asia
JPN,Japan,2011,100.0,East Asia & Pacific
KEN,Kenya,2011,36.2,Sub-Saharan Africa
KOR,"Korea, Rep.",2011,100.0,East Asia & Pacific
NGA,Nigeria,2012,53.0,Sub-Saharan Africa
NOR,Norway,2012,100.0,Europe & Central Asia
PAK,Pakistan,2012,88.6,South Asia
PER,Peru,2012,91.1,Latin America & Caribbean
IND,India,2003,65.4,South Asia
IDN,Indonesia,2003,87.9,East Asia & Pacific
IRN,"Iran, Islamic Rep.",2003,98.2,Middle East & North Africa
IRQ,Iraq,2003,97.2,Middle East & North Africa
ITA,Italy,2003,100.0,Europe & Central Asia
ARE,United Arab Emirates,2014,100.0,Middle East & North Africa
GBR,United Kingdom,2014,100.0,Europe & Central Asia
USA,United States,2014,100.0,North America
VNM,Vietnam,2014,99.2,East Asia & Pacific
VIR,Virgin Islands (U.S.),2014,100.0,North America
CHL,Chile,2023,100.0,Latin America & Caribbean
CHN,China,2023,100.0,East Asia & Pacific
COL,Colombia,2023,98.7,Latin America & Caribbean
GHA,Ghana,2014,78.3,Sub-Saharan Africa
IND,India,2001,62.0,South Asia
IDN,Indonesia,2001,86.3,East Asia & Pacific
IRN,"Iran, Islamic Rep.",2001,98.1,Middle East & North Africa
IRQ,Iraq,2001,96.9,Middle East & North Africa
ITA,Italy,2001,100.0,Europe & Central Asia
MYS,Malaysia,2017,100.0,East Asia & Pacific
SAU,Saudi Arabia,2009,100.0,Middle East & North Africa
BRA,Brazil,2018,99.7,Latin America & Caribbean
CAN,Canada,2018,100.0,North America
IND,India,2002,62.3,South Asia
IDN,Indonesia,2002,87.6,East Asia & Pacific
IRN,"Iran, Islamic Rep.",2002,98.1,Middle East & North Africa
IRQ,Iraq,2002,97.1,Middle East & North Africa
ITA,Italy,2002,100.0,Europe & Central Asia
JPN,Japan,2002,100.0,East Asia & Pacific
IND,India,2020,96.5,South Asia
IDN,Indonesia,2020,97.0,East Asia & Pacific
IRN,"Iran, Islamic Rep.",2020,100.0,Middle East & North Africa
NPL,Nepal,2005,46.1,South Asia
NLD,Netherlands,2005,100.0,Europe & Central Asia
NZL,New Zealand,2005,100.0,East Asia & Pacific
NGA,Nigeria,2005,46.8,Sub-Saharan Africa
NOR,Norway,2005,100.0,Europe & Central Asia
SWE,Sweden,2008,100.0,Europe & Central Asia
TZA,Tanzania,2008,11.5,Sub-Saharan Africa
THA,Thailand,2008,94.8,East Asia & Pacific
IND,India,2005,68.8,South Asia
IDN,Indonesia,2005,84.8,East Asia & Pacific
IRN,"Iran, Islamic Rep.",2005,98.4,Middle East & North Africa
IRQ,Iraq,2005,97.4,Middle East & North Africa
ZAF,South Africa,2013,85.2,Sub-Saharan Africa
ESP,Spain,2013,100.0,Europe & Central Asia
LKA,Sri Lanka,2013,90.2,South Asia
BRA,Brazil,2003,97.0,Latin America & Caribbean
NOR,Norway,2016,100.0,Europe & Central Asia
PAK,Pakistan,2016,91.8,South Asia
PER,Peru,2016,94.2,Latin America & Caribbean
PHL,Philippines,2016,92.0,East Asia & Pacific
POL,Poland,2016,100.0,Europe & Central Asia
MAR,Morocco,2018,98.1,Middle East & North Africa
NPL,Nepal,2018,93.9,South Asia
NLD,Netherlands,2018,100.0,Europe & Central Asia
NZL,New Zealand,2018,100.0,East Asia & Pacific
IND,India,2015,88.0,South Asia
IDN,Indonesia,2015,97.5,East Asia & Pacific
IRN,"Iran, Islamic Rep.",2015,100.0,Middle East & North Africa
IRQ,Iraq,2015,99.4,Middle East & North Africa
ETH,Ethiopia,2012,29.0,Sub-Saharan Africa
FRA,France,2012,100.0,Europe & Central Asia
SAU,Saudi Arabia,2011,100.0,Middle East & North Africa
FRA,France,2006,100.0,Europe & Central Asia
DEU,Germany,2006,100.0,Europe & Central Asia
GHA,Ghana,2006,55.1,Sub-Saharan Africa
MAR,Morocco,2011,96.1,Middle East & North Africa
NPL,Nepal,2011,67.3,South Asia
NLD,Netherlands,2011,100.0,Europe & Central Asia
NZL,New Zealand,2011,100.0,East Asia & Pacific
ZAF,South Africa,2012,85.2,Sub-Saharan Africa
DEU,Germany,2011,100.0,Europe & Central Asia
GHA,Ghana,2011,64.1,Sub-Saharan Africa
CAN,Canada,2013,100.0,North America
SAU,Saudi Arabia,2016,99.9,Middle East & North Africa
BRA,Brazil,2008,98.5,Latin America & Caribbean
DEU,Germany,2015,100.0,Europe & Central Asia
GHA,Ghana,2015,74.0,Sub-Saharan Africa
IND,India,2006,67.9,South Asia
IDN,Indonesia,2006,90.6,East Asia & Pacific
CAN,Canada,2021,100.0,North America
CHL,Chile,2021,100.0,Latin America & Caribbean
TZA,Tanzania,2011,14.2,Sub-Saharan Africa
THA,Thailand,2011,99.3,East Asia & Pacific
IND,India,2011,79.5,South Asia
IDN,Indonesia,2011,94.8,East Asia & Pacific
IRN,"Iran, Islamic Rep.",2011,99.5,Middle East & North Africa
IRQ,Iraq,2011,98.0,Middle East & North Africa
IND,India,2013,83.1,South Asia
IDN,Indonesia,2013,96.5,East Asia & Pacific
IRN,"Iran, Islamic Rep.",2013,99.8,Middle East & North Africa
IRQ,Iraq,2013,99.0,Middle East & North Africa
ITA,Italy,2013,100.0,Europe & Central Asia
JPN,Japan,2013,100.0,East Asia & Pacific
IND,India,2000,60.3,South Asia
IDN,Indonesia,2000,86.3,East Asia & Pacific
IRN,"Iran, Islamic Rep.",2000,97.9,Middle East & North Africa
IRQ,Iraq,2000,96.8,Middle East & North Africa
ITA,Italy,2000,100.0,Europe & Central Asia
TZA,Tanzania,2020,39.9,Sub-Saharan Africa
THA,Thailand,2020,100.0,East Asia & Pacific
ETH,Ethiopia,2016,42.9,Sub-Saharan Africa
FRA,France,2016,100.0,Europe & Central Asia
DEU,Germany,2016,100.0,Europe & Central Asia
GHA,Ghana,2016,79.3,Sub-Saharan Africa
ITA,Italy,2007,100.0,Europe & Central Asia
JPN,Japan,2007,100.0,East Asia & Pacific
KEN,Kenya,2007,28.3,Sub-Saharan Africa
KOR,"Korea, Rep.",2007,100.0,East Asia & Pacific
ARG,Argentina,2019,100.0,Latin America & Caribbean
AUS,Australia,2019,100.0,East Asia & Pacific
PER,Peru,2011,89.7,Latin America & Caribbean
PHL,Philippines,2011,87.2,East Asia & Pacific
POL,Poland,2011,100.0,Europe & Central Asia
CAN,Canada,2002,100.0,North America
CHL,Chile,2002,97.3,Latin America & Caribbean
CHN,China,2002,97.2,East Asia & Pacific
COL,Colombia,2002,94.9,Latin America & Caribbean
UGA,Uganda,2006,9.0,Sub-Saharan Africa
UKR,Ukraine,2006,99.5,Europe & Central Asia
ARE,United Arab Emirates,2006,100.0,Middle East & North Africa
GBR,United Kingdom,2006,100.0,Europe & Central Asia
ARG,Argentina,2009,97.8,Latin America & Caribbean
AUS,Australia,2009,100.0,East Asia & Pacific
ARE,United Arab Emirates,2016,100.0,Middle East & North Africa
GBR,United Kingdom,2016,100.0,Europe & Central Asia
USA,United States,2016,100.0,North America
VNM,Vietnam,2016,99.2,East Asia & Pacific
VIR,Virgin Islands (U.S.),2016,100.0,North America
ZMB,Zambia,2016,35.4,Sub-Saharan Africa
ETH,Ethiopia,2018,44.8,Sub-Saharan Africa
FRA,France,2018,100.0,Europe & Central Asia
ITA,Italy,2004,100.0,Europe & Central Asia
JPN,Japan,2004,100.0,East Asia & Pacific
KEN,Kenya,2004,22.6,Sub-Saharan Africa
KOR,"Korea, Rep.",2004,100.0,East Asia & Pacific
SAU,Saudi Arabia,2015,100.0,Middle East & North Africa
BRA,Brazil,2011,99.3,Latin America & Caribbean
NLD,Netherlands,2010,100.0,Europe & Central Asia
NZL,New Zealand,2010,100.0,East Asia & Pacific
NGA,Nigeria,2010,48.0,Sub-Saharan Africa
NOR,Norway,2010,100.0,Europe & Central Asia
PAK,Pakistan,2010,87.1,South Asia
EGY,"Egypt, Arab Rep.",2010,99.4,Middle East & North Africa
ETH,Ethiopia,2010,25.5,Sub-Saharan Africa
UGA,Uganda,2020,42.1,Sub-Saharan Africa
UKR,Ukraine,2020,100.0,Europe & Central Asia
ARE,United Arab Emirates,2020,100.0,Middle East & North Africa
GBR,United Kingdom,2020,100.0,Europe & Central Asia
USA,United States,2020,100.0,North America
VNM,Vietnam,2020,99.8,East Asia & Pacific
VIR,Virgin Islands (U.S.),2020,100.0,North America
EGY,"Egypt, Arab Rep.",2013,99.9,Middle East & North Africa
BGD,Bangladesh,2009,57.1,South Asia
UGA,Uganda,2001,8.6,Sub-Saharan Africa
UKR,Ukraine,2001,99.2,Europe & Central Asia
ARE,United Arab Emirates,2001,100.0,Middle East & North Africa
GBR,United Kingdom,2001,100.0,Europe & Central Asia
USA,United States,2001,100.0,North America
MAR,Morocco,2020,100.0,Middle East & North Africa
NPL,Nepal,2020,89.9,South Asia
NLD,Netherlands,2020,100.0,Europe & Central Asia
TZA,Tanzania,2018,34.9,Sub-Saharan Africa
THA,Thailand,2018,99.8,East Asia & Pacific
UGA,Uganda,2018,41.9,Sub-Saharan Africa
ARG,Argentina,2006,97.0,Latin America & Caribbean
AUS,Australia,2006,100.0,East Asia & Pacific
BGD,Bangladesh,2006,50.5,South Asia
JPN,Japan,2008,100.0,East Asia & Pacific
KEN,Kenya,2008,30.3,Sub-Saharan Africa
KOR,"Korea, Rep.",2008,100.0,East Asia & Pacific
BRA,Brazil,2009,98.9,Latin America & Caribbean
CAN,Canada,2009,100.0,North America
SAU,Saudi Arabia,2018,99.9,Middle East & North Africa
ZAF,South Africa,2018,84.7,Sub-Saharan Africa
CHN,China,2021,100.0,East Asia & Pacific
COL,Colombia,2021,100.0,Latin America & Caribbean
ARG,Argentina,2018,100.0,Latin America & Caribbean
AUS,Australia,2018,100.0,East Asia & Pacific
DEU,Germany,2017,100.0,Europe & Central Asia
GHA,Ghana,2017,79.0,Sub-Saharan Africa
AUS,Australia,2020,100.0,East Asia & Pacific
BGD,Bangladesh,2020,96.2,South Asia
MYS,Malaysia,2012,99.8,East Asia & Pacific
MEX,Mexico,2012,99.1,Latin America & Caribbean
THA,Thailand,2012,99.1,East Asia & Pacific
UGA,Uganda,2012,20.5,Sub-Saharan Africa
UKR,Ukraine,2012,99.9,Europe & Central Asia
PHL,Philippines,2012,87.1,East Asia & Pacific
POL,Poland,2012,100.0,Europe & Central Asia
SAU,Saudi Arabia,2012,100.0,Middle East & North Africa
BRA,Brazil,2019,99.8,Latin America & Caribbean
CAN,Canada,2019,100.0,North America
NPL,Nepal,2004,37.2,South Asia
NLD,Netherlands,2004,100.0,Europe & Central Asia
NZL,New Zealand,2004,100.0,East Asia & Pacific
NGA,Nigeria,2004,46.1,Sub-Saharan Africa
NOR,Norway,2004,100.0,Europe & Central Asia
SWE,Sweden,2013,100.0,Europe & Central Asia
TZA,Tanzania,2013,16.4,Sub-Saharan Africa
THA,Thailand,2013,99.4,East Asia & Pacific
BGD,Bangladesh,2012,65.5,South Asia
PAK,Pakistan,2009,82.5,South Asia
PER,Peru,2009,86.4,Latin America & Caribbean
PHL,Philippines,2009,84.3,East Asia & Pacific
POL,Poland,2009,100.0,Europe & Central Asia
CAN,Canada,2003,100.0,North America
CHL,Chile,2003,98.8,Latin America & Caribbean
CHN,China,2003,97.4,East Asia & Pacific
COL,Colombia,2003,95.1,Latin America & Caribbean
TZA,Tanzania,2004,11.4,Sub-Saharan Africa
THA,Thailand,2004,92.2,East Asia & Pacific
UGA,Uganda,2004,11.6,Sub-Saharan Africa
UKR,Ukraine,2004,99.4,Europe & Central Asia
EGY,"Egypt, Arab Rep.",2020,100.0,Middle East & North Africa
ETH,Ethiopia,2020,51.1,Sub-Saharan Africa
CAN,Canada,2008,100.0,North America
CHL,Chile,2008,98.2,Latin America & Caribbean
CHN,China,2008,98.8,East Asia & Pacific
COL,Colombia,2008,96.8,Latin America & Caribbean
GHA,Ghana,2009,61.1,Sub-Saharan Africa
UKR,Ukraine,2017,100.0,Europe & Central Asia
ARE,United Arab Emirates,2017,100.0,Middle East & North Africa
GBR,United Kingdom,2017,100.0,Europe & Central Asia
USA,United States,2017,100.0,North America
VNM,Vietnam,2017,100.0,East Asia & Pacific
VIR,Virgin Islands (U.S.),2017,100.0,North America
MEX,Mexico,2013,99.1,Latin America & Caribbean
MAR,Morocco,2013,97.2,Middle East & North Africa
UGA,Uganda,2007,14.8,Sub-Saharan Africa
UKR,Ukraine,2007,99.8,Europe & Central Asia
ARE,United Arab Emirates,2007,100.0,Middle East & North Africa
GBR,United Kingdom,2007,100.0,Europe & Central Asia
USA,United States,2007,100.0,North America
MYS,Malaysia,2008,99.0,East Asia & Pacific
BRA,Brazil,2004,96.8,Latin America & Caribbean
CAN,Canada,2007,100.0,North America
CHL,Chile,2007,98.0,Latin America & Caribbean
CHN,China,2007,98.5,East Asia & Pacific
COL,Colombia,2007,96.0,Latin America & Caribbean
ARE,United Arab Emirates,2012,100.0,Middle East & North Africa
GBR,United Kingdom,2012,100.0,Europe & Central Asia
USA,United States,2012,100.0,North America
VNM,Vietnam,2012,97.9,East Asia & Pacific
VIR,Virgin Islands (U.S.),2012,100.0,North America
ZMB,Zambia,2012,29.2,Sub-Saharan Africa
UGA,Uganda,2019,41.3,Sub-Saharan Africa
UKR,Ukraine,2019,100.0,Europe & Central Asia
ARE,United Arab Emirates,2019,100.0,Middle East & North Africa
GBR,United Kingdom,2019,100.0,Europe & Central Asia
ETH,Ethiopia,2017,44.3,Sub-Saharan Africa
FRA,France,2017,100.0,Europe & Central Asia
KEN,Kenya,2019,69.7,Sub-Saharan Africa
KOR,"Korea, Rep.",2019,100.0,East Asia & Pacific
BRA,Brazil,2007,98.1,Latin America & Caribbean
EGY,"Egypt, Arab Rep.",2014,99.8,Middle East & North Africa
TZA,Tanzania,2017,32.1,Sub-Saharan Africa
THA,Thailand,2017,99.9,East Asia & Pacific
UGA,Uganda,2017,32.4,Sub-Saharan Africa
NGA,Nigeria,2011,55.9,Sub-Saharan Africa
NOR,Norway,2011,100.0,Europe & Central Asia
PAK,Pakistan,2011,87.8,South Asia
BRA,Brazil,2000,94.4,Latin America & Caribbean
MEX,Mexico,2010,99.2,Latin America & Caribbean
MAR,Morocco,2010,95.7,Middle East & North Africa
NPL,Nepal,2010,68.6,South Asia
ARG,Argentina,2021,100.0,Latin America & Caribbean
AUS,Australia,2021,100.0,East Asia & Pacific
BGD,Bangladesh,2021,99.0,South Asia
NLD,Netherlands,2003,100.0,Europe & Central Asia
NZL,New Zealand,2003,100.0,East Asia & Pacific
NGA,Nigeria,2003,52.2,Sub-Saharan Africa
NOR,Norway,2003,100.0,Europe & Central Asia
PAK,Pakistan,2003,76.0,South Asia
ESP,Spain,2017,100.0,Europe & Central Asia
LKA,Sri Lanka,2017,97.5,South Asia
SWE,Sweden,2017,100.0,Europe & Central Asia
MYS,Malaysia,2020,100.0,East Asia & Pacific
MEX,Mexico,2020,99.4,Latin America & Caribbean
BGD,Bangladesh,2018,86.9,South Asia
ESP,Spain,2014,100.0,Europe & Central Asia
LKA,Sri Lanka,2014,92.7,South Asia
SWE,Sweden,2014,100.0,Europe & Central Asia
TZA,Tanzania,2014,23.5,Sub-Saharan Africa
KOR,"Korea, Rep.",2010,100.0,East Asia & Pacific
SAU,Saudi Arabia,2019,100.0,Middle East & North Africa
UGA,Uganda,2002,7.8,Sub-Saharan Africa
UKR,Ukraine,2002,99.3,Europe & Central Asia
ARE,United Arab Emirates,2002,100.0,Middle East & North Africa
GBR,United Kingdom,2002,100.0,Europe & Central Asia
USA,United States,2002,100.0,North America
MYS,Malaysia,2004,98.7,East Asia & Pacific
SAU,Saudi Arabia,2008,100.0,Middle East & North Africa
MYS,Malaysia,2009,99.3,East Asia & Pacific
IND,India,2007,72.3,South Asia
IDN,Indonesia,2007,91.1,East Asia & Pacific
IRN,"Iran, Islamic Rep.",2007,98.7,Middle East & North Africa
IRQ,Iraq,2007,98.1,Middle East & North Africa
UGA,Uganda,2010,12.1,Sub-Saharan Africa
UKR,Ukraine,2010,100.0,Europe & Central Asia
ARE,United Arab Emirates,2010,100.0,Middle East & North Africa
GBR,United Kingdom,2010,100.0,Europe & Central Asia
USA,United States,2010,100.0,North America
PER,Peru,2010,88.1,Latin America & Caribbean
PHL,Philippines,2010,85.5,East Asia & Pacific
POL,Poland,2010,100.0,Europe & Central Asia
EGY,"Egypt, Arab Rep.",2016,100.0,Middle East & North Africa
IND,India,2010,76.3,South Asia
IDN,Indonesia,2010,94.2,East Asia & Pacific
IRN,"Iran, Islamic Rep.",2010,99.4,Middle East & North Africa
EGY,"Egypt, Arab Rep.",2011,99.4,Middle East & North Africa
ETH,Ethiopia,2011,23.0,Sub-Saharan Africa
FRA,France,2011,100.0,Europe & Central Asia
MAR,Morocco,2006,96.5,Middle East & North Africa
NPL,Nepal,2006,51.2,South Asia
NLD,Netherlands,2006,100.0,Europe & Central Asia
NZL,New Zealand,2006,100.0,East Asia & Pacific
USA,United States,2006,100.0,North America
VNM,Vietnam,2006,96.0,East Asia & Pacific
VIR,Virgin Islands (U.S.),2006,100.0,North America
ZMB,Zambia,2006,24.1,Sub-Saharan Africa
ZWE,Zimbabwe,2006,37.2,Sub-Saharan Africa
MAR,Morocco,2007,82.2,Middle East & North Africa
NPL,Nepal,2007,52.6,South Asia
NLD,Netherlands,2007,100.0,Europe & Central Asia
NZL,New Zealand,2007,100.0,East Asia & Pacific
NGA,Nigeria,2007,50.1,Sub-Saharan Africa
IND,India,2019,95.9,South Asia
IDN,Indonesia,2019,98.9,East Asia & Pacific
IRN,"Iran, Islamic Rep.",2019,100.0,Middle East & North Africa
IRQ,Iraq,2019,100.0,Middle East & North Africa
ITA,Italy,2019,100.0,Europe & Central Asia
JPN,Japan,2019,100.0,East Asia & Pacific
ARG,Argentina,2022,100.0,Latin America & Caribbean
BRA,Brazil,2001,96.0,Latin America & Caribbean
ITA,Italy,2005,100.0,Europe & Central Asia
JPN,Japan,2005,100.0,East Asia & Pacific
KEN,Kenya,2005,24.5,Sub-Saharan Africa
KOR,"Korea, Rep.",2005,100.0,East Asia & Pacific
ITA,Italy,2015,100.0,Europe & Central Asia
JPN,Japan,2015,100.0,East Asia & Pacific
KEN,Kenya,2015,41.6,Sub-Saharan Africa
KOR,"Korea, Rep.",2015,100.0,East Asia & Pacific
GHA,Ghana,2013,70.7,Sub-Saharan Africa
NZL,New Zealand,2001,100.0,East Asia & Pacific
NGA,Nigeria,2001,43.9,Sub-Saharan Africa
NOR,Norway,2001,100.0,Europe & Central Asia
PAK,Pakistan,2001,73.9,South Asia
MEX,Mexico,2009,98.3,Latin America & Caribbean
MAR,Morocco,2009,85.9,Middle East & North Africa
IRQ,Iraq,2020,100.0,Middle East & North Africa
ITA,Italy,2020,100.0,Europe & Central Asia
JPN,Japan,2020,100.0,East Asia & Pacific
KEN,Kenya,2020,71.5,Sub-Saharan Africa
KOR,"Korea, Rep.",2020,100.0,East Asia & Pacific
ITA,Italy,2023,100.0,Europe & Central Asia
JPN,Japan,2023,100.0,East Asia & Pacific
KEN,Kenya,2023,76.2,Sub-Saharan Africa
KOR,"Korea, Rep.",2023,100.0,East Asia & Pacific
CAN,Canada,2001,100.0,North America
CHL,Chile,2001,97.1,Latin America & Caribbean
CHN,China,2001,97.0,East Asia & Pacific
COL,Colombia,2001,98.5,Latin America & Caribbean
BRA,Brazil,2023,99.8,Latin America & Caribbean
CAN,Canada,2023,100.0,North America
NGA,Nigeria,2006,47.6,Sub-Saharan Africa
NOR,Norway,2006,100.0,Europe & Central Asia
PAK,Pakistan,2006,79.1,South Asia
DEU,Germany,2018,100.0,Europe & Central Asia
GHA,Ghana,2018,80.4,Sub-Saharan Africa
ARG,Argentina,2002,96.1,Latin America & Caribbean
AUS,Australia,2002,100.0,East Asia & Pacific
BGD,Bangladesh,2002,37.8,South Asia
SWE,Sweden,2009,100.0,Europe & Central Asia
TZA,Tanzania,2009,11.2,Sub-Saharan Africa
THA,Thailand,2009,99.0,East Asia & Pacific
ARG,Argentina,2020,100.0,Latin America & Caribbean
UGA,Uganda,2009,10.0,Sub-Saharan Africa
UKR,Ukraine,2009,99.9,Europe & Central Asia
ARE,United Arab Emirates,2009,100.0,Middle East & North Africa
GBR,United Kingdom,2009,100.0,Europe & Central Asia
USA,United States,2009,100.0,North America
ZAF,South Africa,2023,87.7,Sub-Saharan Africa
ESP,Spain,2023,100.0,Europe & Central Asia
LKA,Sri Lanka,2023,100.0,South Asia
ETH,Ethiopia,2008,22.0,Sub-Saharan Africa
FRA,France,2008,100.0,Europe & Central Asia
ARE,United Arab Emirates,2004,100.0,Middle East & North Africa
GBR,United Kingdom,2004,100.0,Europe & Central Asia
USA,United States,2004,100.0,North America
VNM,Vietnam,2004,91.0,East Asia & Pacific
VIR,Virgin Islands (U.S.),2004,100.0,North America
ZMB,Zambia,2004,20.3,Sub-Saharan Africa
ZWE,Zimbabwe,2004,35.6,Sub-Saharan Africa
MEX,Mexico,2014,99.2,Latin America & Caribbean
PAK,Pakistan,2008,81.4,South Asia
PER,Peru,2008,84.7,Latin America & Caribbean
PHL,Philippines,2008,83.3,East Asia & Pacific
POL,Poland,2008,99.8,Europe & Central Asia
UKR,Ukraine,2021,100.0,Europe & Central Asia
ARE,United Arab Emirates,2021,100.0,Middle East & North Africa
GBR,United Kingdom,2021,100.0,Europe & Central Asia
USA,United States,2021,100.0,North America
VNM,Vietnam,2021,100.0,East Asia & Pacific
VIR,Virgin Islands (U.S.),2021,100.0,North America
ZAF,South Africa,2011,83.6,Sub-Saharan Africa
ESP,Spain,2011,100.0,Europe & Central Asia
LKA,Sri Lanka,2011,87.8,South Asia
SWE,Sweden,2011,100.0,Europe & Central Asia
JPN,Japan,2003,100.0,East Asia & Pacific
KEN,Kenya,2003,16.0,Sub-Saharan Africa
KOR,"Korea, Rep.",2003,100.0,East Asia & Pacific
NZL,New Zealand,2002,100.0,East Asia & Pacific
NGA,Nigeria,2002,44.6,Sub-Saharan Africa
NOR,Norway,2002,100.0,Europe & Central Asia
PAK,Pakistan,2002,74.9,South Asia
UGA,Uganda,2003,10.5,Sub-Saharan Africa
UKR,Ukraine,2003,99.3,Europe & Central Asia
ARE,United Arab Emirates,2003,100.0,Middle East & North Africa
GBR,United Kingdom,2003,100.0,Europe & Central Asia
USA,United States,2003,100.0,North America
MYS,Malaysia,2023,100.0,East Asia & Pacific
NPL,Nepal,2000,29.9,South Asia
NLD,Netherlands,2000,100.0,Europe & Central Asia
NZL,New Zealand,2000,100.0,East Asia & Pacific
NGA,Nigeria,2000,43.2,Sub-Saharan Africa
NOR,Norway,2000,100.0,Europe & Central Asia
PAK,Pakistan,2000,72.8,South Asia
GHA,Ghana,2019,83.5,Sub-Saharan Africa
SAU,Saudi Arabia,2021,100.0,Middle East & North Africa
ETH,Ethiopia,2009,23.7,Sub-Saharan Africa
FRA,France,2009,100.0,Europe & Central Asia
DEU,Germany,2009,100.0,Europe & Central Asia
ZAF,South Africa,2001,70.2,Sub-Saharan Africa
ESP,Spain,2001,100.0,Europe & Central Asia
LKA,Sri Lanka,2001,63.6,South Asia
PER,Peru,2006,80.2,Latin America & Caribbean
PHL,Philippines,2006,80.2,East Asia & Pacific
POL,Poland,2006,99.8,Europe & Central Asia
SAU,Saudi Arabia,2006,100.0,Middle East & North Africa
MEX,Mexico,2003,97.4,Latin America & Caribbean
MAR,Morocco,2003,75.1,Middle East & North Africa
NPL,Nepal,2003,39.6,South Asia
MYS,Malaysia,2006,98.8,East Asia & Pacific
MEX,Mexico,2006,99.1,Latin America & Caribbean
DEU,Germany,2003,100.0,Europe & Central Asia
GHA,Ghana,2003,48.3,Sub-Saharan Africa
LKA,Sri Lanka,2016,97.5,South Asia
SWE,Sweden,2016,100.0,Europe & Central Asia
TZA,Tanzania,2016,32.8,Sub-Saharan Africa
TZA,Tanzania,2010,14.8,Sub-Saharan Africa
THA,Thailand,2010,99.7,East Asia & Pacific
ARG,Argentina,2003,96.3,Latin America & Caribbean
AUS,Australia,2003,100.0,East Asia & Pacific
BGD,Bangladesh,2003,40.5,South Asia
FRA,France,2010,100.0,Europe & Central Asia
DEU,Germany,2010,100.0,Europe & Central Asia
GHA,Ghana,2010,64.2,Sub-Saharan Africa
BRA,Brazil,2002,96.7,Latin America & Caribbean
UKR,Ukraine,2018,100.0,Europe & Central Asia
ARE,United Arab Emirates,2018,100.0,Middle East & North Africa
GBR,United Kingdom,2018,100.0,Europe & Central Asia
USA,United States,2018,100.0,North America
VNM,Vietnam,2018,100.0,East Asia & Pacific
VIR,Virgin Islands (U.S.),2018,100.0,North America
MEX,Mexico,2008,98.9,Latin America & Caribbean
MAR,Morocco,2008,84.1,Middle East & North Africa
IND,India,2021,99.6,South Asia
BGD,Bangladesh,2019,92.2,South Asia
NLD,Netherlands,2015,100.0,Europe & Central Asia
NZL,New Zealand,2015,100.0,East Asia & Pacific
NGA,Nigeria,2015,52.5,Sub-Saharan Africa
NOR,Norway,2015,100.0,Europe & Central Asia
PAK,Pakistan,2015,91.0,South Asia
BGD,Bangladesh,2011,59.6,South Asia
MYS,Malaysia,2019,100.0,East Asia & Pacific
FRA,France,2023,100.0,Europe & Central Asia
DEU,Germany,2023,100.0,Europe & Central Asia
GHA,Ghana,2023,89.5,Sub-Saharan Africa
ZAF,South Africa,2019,85.0,Sub-Saharan Africa
ESP,Spain,2019,100.0,Europe & Central Asia
LKA,Sri Lanka,2019,99.8,South Asia
JPN,Japan,2001,100.0,East Asia & Pacific
KEN,Kenya,2001,17.0,Sub-Saharan Africa
KOR,"Korea, Rep.",2001,100.0,East Asia & Pacific
POL,Poland,2017,100.0,Europe & Central Asia
SAU,Saudi Arabia,2017,100.0,Middle East & North Africa
MEX,Mexico,2004,98.6,Latin America & Caribbean
MAR,Morocco,2004,78.2,Middle East & North Africa
MEX,Mexico,2002,97.9,Latin America & Caribbean
MAR,Morocco,2002,73.3,Middle East & North Africa
NPL,Nepal,2002,36.4,South Asia
NLD,Netherlands,2002,100.0,Europe & Central Asia
AUS,Australia,2007,100.0,East Asia & Pacific
BGD,Bangladesh,2007,46.5,South Asia
CAN,Canada,2006,100.0,North America
CHL,Chile,2006,99.4,Latin America & Caribbean
ARG,Argentina,2007,97.2,Latin America & Caribbean
UGA,Uganda,2005,8.9,Sub-Saharan Africa
UKR,Ukraine,2005,99.9,Europe & Central Asia
ARE,United Arab Emirates,2005,100.0,Middle East & North Africa
GBR,United Kingdom,2005,100.0,Europe & Central Asia
USA,United States,2005,100.0,North America
VNM,Vietnam,2005,96.1,East Asia & Pacific
PER,Peru,2020,96.2,Latin America & Caribbean
PHL,Philippines,2020,96.4,East Asia & Pacific
POL,Poland,2020,100.0,Europe & Central Asia
SAU,Saudi Arabia,2003,100.0,Middle East & North Africa
ZAF,South Africa,2003,78.8,Sub-Saharan Africa
ESP,Spain,2003,100.0,Europe & Central Asia
LKA,Sri Lanka,2003,75.0,South Asia
PER,Peru,2023,96.2,Latin America & Caribbean
PHL,Philippines,2023,98.0,East Asia & Pacific
POL,Poland,2023,100.0,Europe & Central Asia
SAU,Saudi Arabia,2023,100.0,Middle East & North Africa
SAU,Saudi Arabia,2010,100.0,Middle East & North Africa
ETH,Ethiopia,2021,54.2,Sub-Saharan Africa
FRA,France,2021,100.0,Europe & Central Asia
DEU,Germany,2021,100.0,Europe & Central Asia
GHA,Ghana,2021,86.3,Sub-Saharan Africa
ETH,Ethiopia,2019,48.0,Sub-Saharan Africa
FRA,France,2019,100.0,Europe & Central Asia
DEU,Germany,2019,100.0,Europe & Central Asia
EGY,"Egypt, Arab Rep.",2019,100.0,Middle East & North Africa
NGA,Nigeria,2018,56.5,Sub-Saharan Africa
NOR,Norway,2018,100.0,Europe & Central Asia
PAK,Pakistan,2018,93.4,South Asia
PER,Peru,2018,95.2,Latin America & Caribbean
IND,India,2022,99.2,South Asia
IDN,Indonesia,2022,100.0,East Asia & Pacific
IRN,"Iran, Islamic Rep.",2022,100.0,Middle East & North Africa
IRQ,Iraq,2022,100.0,Middle East & North Africa
ITA,Italy,2022,100.0,Europe & Central Asia
JPN,Japan,2022,100.0,East Asia & Pacific
KEN,Kenya,2022,76.0,Sub-Saharan Africa
CAN,Canada,2005,100.0,North America
CHL,Chile,2005,97.7,Latin America & Caribbean
CHN,China,2005,97.9,East Asia & Pacific
COL,Colombia,2005,96.8,Latin America & Caribbean
MYS,Malaysia,2010,99.5,East Asia & Pacific
DEU,Germany,2007,100.0,Europe & Central Asia
GHA,Ghana,2007,56.9,Sub-Saharan Africa
IDN,Indonesia,2021,99.2,East Asia & Pacific
IRN,"Iran, Islamic Rep.",2021,100.0,Middle East & North Africa
IRQ,Iraq,2021,100.0,Middle East & North Africa
ITA,Italy,2021,100.0,Europe & Central Asia
JPN,Japan,2021,100.0,East Asia & Pacific
KEN,Kenya,2021,76.5,Sub-Saharan Africa
NOR,Norway,2007,100.0,Europe & Central Asia
PAK,Pakistan,2007,80.2,South Asia
PER,Peru,2007,82.0,Latin America & Caribbean
PHL,Philippines,2007,82.0,East Asia & Pacific
POL,Poland,2007,99.8,Europe & Central Asia
MYS,Malaysia,2011,99.5,East Asia & Pacific
MEX,Mexico,2011,99.0,Latin America & Caribbean
BRA,Brazil,2015,99.7,Latin America & Caribbean
ZAF,South Africa,2002,76.7,Sub-Saharan Africa
ESP,Spain,2002,100.0,Europe & Central Asia
LKA,Sri Lanka,2002,80.7,South Asia
DEU,Germany,2008,100.0,Europe & Central Asia
GHA,Ghana,2008,60.5,Sub-Saharan Africa
EGY,"Egypt, Arab Rep.",2007,98.4,Middle East & North Africa
ETH,Ethiopia,2007,20.3,Sub-Saharan Africa
FRA,France,2007,100.0,Europe & Central Asia
BRA,Brazil,2005,97.1,Latin America & Caribbean
NGA,Nigeria,2022,60.5,Sub-Saharan Africa
NOR,Norway,2022,100.0,Europe & Central Asia
PAK,Pakistan,2022,95.0,South Asia
PER,Peru,2022,96.2,Latin America & Caribbean
EGY,"Egypt, Arab Rep.",2012,99.7,Middle East & North Africa
ARG,Argentina,2000,95.7,Latin America & Caribbean
AUS,Australia,2000,100.0,East Asia & Pacific
BGD,Bangladesh,2000,32.0,South Asia
CAN,Canada,2000,100.0,North America
CHL,Chile,2000,97.9,Latin America & Caribbean
CHN,China,2000,96.7,East Asia & Pacific
COL,Colombia,2000,95.2,Latin America & Caribbean
CAN,Canada,2022,100.0,North America
CHL,Chile,2022,100.0,Latin America & Caribbean
CHN,China,2022,100.0,East Asia & Pacific
COL,Colombia,2022,100.0,Latin America & Caribbean
FRA,France,2004,100.0,Europe & Central Asia
DEU,Germany,2004,100.0,Europe & Central Asia
GHA,Ghana,2004,50.8,Sub-Saharan Africa
EGY,"Egypt, Arab Rep.",2004,97.8,Middle East & North Africa
ETH,Ethiopia,2004,15.2,Sub-Saharan Africa
NOR,Norway,2019,100.0,Europe & Central Asia
PAK,Pakistan,2019,93.9,South Asia
PER,Peru,2019,95.6,Latin America & Caribbean
PHL,Philippines,2019,95.3,East Asia & Pacific
POL,Poland,2019,100.0,Europe & Central Asia
ARG,Argentina,2015,99.7,Latin America & Caribbean
AUS,Australia,2015,100.0,East Asia & Pacific
ESP,Spain,2018,100.0,Europe & Central Asia
LKA,Sri Lanka,2018,99.6,South Asia
SWE,Sweden,2018,100.0,Europe & Central Asia
PER,Peru,2015,93.9,Latin America & Caribbean
PHL,Philippines,2015,89.1,East Asia & Pacific
POL,Poland,2015,100.0,Europe & Central Asia
MEX,Mexico,2001,97.1,Latin America & Caribbean
MAR,Morocco,2001,71.6,Middle East & North Africa
NPL,Nepal,2001,24.6,South Asia
NLD,Netherlands,2001,100.0,Europe & Central Asia
FRA,France,2020,100.0,Europe & Central Asia
DEU,Germany,2020,100.0,Europe & Central Asia
GHA,Ghana,2020,85.4,Sub-Saharan Africa
ZAF,South Africa,2006,80.7,Sub-Saharan Africa
ESP,Spain,2006,100.0,Europe & Central Asia
LKA,Sri Lanka,2006,82.1,South Asia
PER,Peru,2002,74.4,Latin America & Caribbean
PHL,Philippines,2002,76.7,East Asia & Pacific
POL,Poland,2002,100.0,Europe & Central Asia
SAU,Saudi Arabia,2002,100.0,Middle East & North Africa
ZAF,South Africa,2020,90.0,Sub-Saharan Africa
ESP,Spain,2020,100.0,Europe & Central Asia
LKA,Sri Lanka,2020,100.0,South Asia
SWE,Sweden,2020,100.0,Europe & Central Asia
MEX,Mexico,2017,100.0,Latin America & Caribbean
MEX,Mexico,2016,99.5,Latin America & Caribbean
MAR,Morocco,2016,97.8,Middle East & North Africa
PER,Peru,2021,95.6,Latin America & Caribbean
PHL,Philippines,2021,97.5,East Asia & Pacific
POL,Poland,2021,100.0,Europe & Central Asia
DEU,Germany,2005,100.0,Europe & Central Asia
GHA,Ghana,2005,41.3,Sub-Saharan Africa
EGY,"Egypt, Arab Rep.",2002,97.5,Middle East & North Africa
ETH,Ethiopia,2002,11.9,Sub-Saharan Africa
FRA,France,2002,100.0,Europe & Central Asia
UGA,Uganda,2000,7.4,Sub-Saharan Africa
UKR,Ukraine,2000,99.1,Europe & Central Asia
ARE,United Arab Emirates,2000,100.0,Middle East & North Africa
GBR,United Kingdom,2000,100.0,Europe & Central Asia
USA,United States,2000,100.0,North America
SWE,Sweden,2002,100.0,Europe & Central Asia
TZA,Tanzania,2002,10.7,Sub-Saharan Africa
THA,Thailand,2002,91.0,East Asia & Pacific
VNM,Vietnam,2023,99.8,East Asia & Pacific
VIR,Virgin Islands (U.S.),2023,100.0,North America
ZMB,Zambia,2023,51.1,Sub-Saharan Africa
ZWE,Zimbabwe,2023,62.0,Sub-Saharan Africa
EGY,"Egypt, Arab Rep.",2001,97.4,Middle East & North Africa
ETH,Ethiopia,2001,10.2,Sub-Saharan Africa
FRA,France,2001,100.0,Europe & Central Asia
EGY,"Egypt, Arab Rep.",2008,99.8,Middle East & North Africa
EGY,"Egypt, Arab Rep.",2017,100.0,Middle East & North Africa
UGA,Uganda,2015,18.5,Sub-Saharan Africa
UKR,Ukraine,2015,100.0,Europe & Central Asia
ARE,United Arab Emirates,2015,100.0,Middle East & North Africa
GBR,United Kingdom,2015,100.0,Europe & Central Asia
USA,United States,2015,100.0,North America
POL,Poland,2014,100.0,Europe & Central Asia
SAU,Saudi Arabia,2014,100.0,Middle East & North Africa
DEU,Germany,2000,100.0,Europe & Central Asia
GHA,Ghana,2000,43.7,Sub-Saharan Africa
NZL,New Zealand,2020,100.0,East Asia & Pacific
NGA,Nigeria,2020,55.4,Sub-Saharan Africa
NOR,Norway,2020,100.0,Europe & Central Asia
PAK,Pakistan,2020,94.5,South Asia
MEX,Mexico,2000,98.0,Latin America & Caribbean
MAR,Morocco,2000,69.8,Middle East & North Africa
BGD,Bangladesh,2010,55.3,South Asia
MEX,Mexico,2023,99.7,Latin America & Caribbean
MAR,Morocco,2023,100.0,Middle East & North Africa
NPL,Nepal,2023,94.0,South Asia
NZL,New Zealand,2021,100.0,East Asia & Pacific
NGA,Nigeria,2021,59.5,Sub-Saharan Africa
NOR,Norway,2021,100.0,Europe & Central Asia
PAK,Pakistan,2021,94.9,South Asia
PER,Peru,2001,72.1,Latin America & Caribbean
PHL,Philippines,2001,75.7,East Asia & Pacific
POL,Poland,2001,100.0,Europe & Central Asia
SAU,Saudi Arabia,2001,100.0,Middle East & North Africa
BRA,Brazil,2020,99.7,Latin America & Caribbean
DEU,Germany,2012,100.0,Europe & Central Asia
GHA,Ghana,2012,56.5,Sub-Saharan Africa
MYS,Malaysia,2002,98.6,East Asia & Pacific
ZAF,South Africa,2010,82.8,Sub-Saharan Africa
ESP,Spain,2010,100.0,Europe & Central Asia
LKA,Sri Lanka,2010,85.3,South Asia
SWE,Sweden,2010,100.0,Europe & Central Asia
BGD,Bangladesh,2008,54.3,South Asia
AUS,Australia,2005,100.0,East Asia & Pacific
BGD,Bangladesh,2005,44.2,South Asia
SWE,Sweden,2015,100.0,Europe & Central Asia
TZA,Tanzania,2015,26.2,Sub-Saharan Africa
THA,Thailand,2015,99.6,East Asia & Pacific
EGY,"Egypt, Arab Rep.",2003,98.8,Middle East & North Africa
ETH,Ethiopia,2003,13.5,Sub-Saharan Africa
FRA,France,2003,100.0,Europe & Central Asia
NLD,Netherlands,2023,100.0,Europe & Central Asia
NZL,New Zealand,2023,100.0,East Asia & Pacific
NGA,Nigeria,2023,61.2,Sub-Saharan Africa
NOR,Norway,2023,100.0,Europe & Central Asia
PAK,Pakistan,2023,95.6,South Asia
BGD,Bangladesh,2015,74.0,South Asia
KEN,Kenya,2002,18.9,Sub-Saharan Africa
KOR,"Korea, Rep.",2002,100.0,East Asia & Pacific
ARG,Argentina,2004,96.5,Latin America & Caribbean
AUS,Australia,2004,100.0,East Asia & Pacific
BGD,Bangladesh,2004,40.6,South Asia
ZAF,South Africa,2004,80.6,Sub-Saharan Africa
ESP,Spain,2004,100.0,Europe & Central Asia
LKA,Sri Lanka,2004,76.5,South Asia
SWE,Sweden,2004,100.0,Europe & Central Asia
ARG,Argentina,2001,95.5,Latin America & Caribbean
AUS,Australia,2001,100.0,East Asia & Pacific
BGD,Bangladesh,2001,35.0,South Asia
PER,Peru,2003,74.4,Latin America & Caribbean
PHL,Philippines,2003,76.6,East Asia & Pacific
POL,Poland,2003,99.9,Europe & Central Asia
SWE,Sweden,2006,100.0,Europe & Central Asia
TZA,Tanzania,2006,14.9,Sub-Saharan Africa
THA,Thailand,2006,99.1,East Asia & Pacific
ESP,Spain,2012,100.0,Europe & Central Asia
LKA,Sri Lanka,2012,87.0,South Asia
SWE,Sweden,2012,100.0,Europe & Central Asia
TZA,Tanzania,2012,15.3,Sub-Saharan Africa
SWE,Sweden,2019,100.0,Europe & Central Asia
TZA,Tanzania,2019,37.7,Sub-Saharan Africa
THA,Thailand,2019,99.9,East Asia & Pacific
UGA,Uganda,2023,51.5,Sub-Saharan Africa
UKR,Ukraine,2023,100.0,Europe & Central Asia
ARE,United Arab Emirates,2023,100.0,Middle East & North Africa
GBR,United Kingdom,2023,100.0,Europe & Central Asia
USA,United States,2023,100.0,North America
SAU,Saudi Arabia,2020,100.0,Middle East & North Africa
MYS,Malaysia,2000,98.6,East Asia & Pacific
KOR,"Korea, Rep.",2022,100.0,East Asia & Pacific
MYS,Malaysia,2007,98.9,East Asia & Pacific
MEX,Mexico,2007,97.9,Latin America & Caribbean
PER,Peru,2000,72.5,Latin America & Caribbean
PHL,Philippines,2000,74.7,East Asia & Pacific
POL,Poland,2000,100.0,Europe & Central Asia
EGY,"Egypt, Arab Rep.",2009,98.9,Middle East & North Africa
KOR,"Korea, Rep.",2006,100.0,East Asia & Pacific
ESP,Spain,2000,100.0,Europe & Central Asia
LKA,Sri Lanka,2000,70.3,South Asia
SWE,Sweden,2000,100.0,Europe & Central Asia
TZA,Tanzania,2000,8.7,Sub-Saharan Africa
THA,Thailand,2000,82.1,East Asia & Pacific
MYS,Malaysia,2018,100.0,East Asia & Pacific
MEX,Mexico,2018,99.5,Latin America & Caribbean
EGY,"Egypt, Arab Rep.",2015,99.3,Middle East & North Africa
ETH,Ethiopia,2015,29.0,Sub-Saharan Africa
FRA,France,2015,100.0,Europe & Central Asia
MYS,Malaysia,2021,100.0,East Asia & Pacific
ZAF,South Africa,2009,82.6,Sub-Saharan Africa
ESP,Spain,2009,100.0,Europe & Central Asia
LKA,Sri Lanka,2009,87.1,South Asia
SWE,Sweden,2007,100.0,Europe & Central Asia
TZA,Tanzania,2007,15.9,Sub-Saharan Africa
THA,Thailand,2007,94.1,East Asia & Pacific
SAU,Saudi Arabia,2000,100.0,Middle East & North Africa
ZAF,South Africa,2000,72.4,Sub-Saharan Africa
IND,India,2023,99.5,South Asia
IDN,Indonesia,2023,99.4,East Asia & Pacific
IRN,"Iran, Islamic Rep.",2023,100.0,Middle East & North Africa
IRQ,Iraq,2023,100.0,Middle East & North Africa
DEU,Germany,2001,100.0,Europe & Central Asia
GHA,Ghana,2001,44.8,Sub-Saharan Africa
MEX,Mexico,2019,99.6,Latin America & Caribbean
MAR,Morocco,2019,99.6,Middle East & North Africa
JPN,Japan,2000,100.0,East Asia & Pacific
KEN,Kenya,2000,15.2,Sub-Saharan Africa
KOR,"Korea, Rep.",2000,100.0,East Asia & Pacific
UGA,Uganda,2022,47.1,Sub-Saharan Africa
UKR,Ukraine,2022,100.0,Europe & Central Asia
ARE,United Arab Emirates,2022,100.0,Middle East & North Africa
GBR,United Kingdom,2022,100.0,Europe & Central Asia
USA,United States,2022,100.0,North America
SAU,Saudi Arabia,2005,100.0,Middle East & North Africa
MYS,Malaysia,2005,98.7,East Asia & Pacific
MYS,Malaysia,2001,98.6,East Asia & Pacific
SWE,Sweden,2022,100.0,Europe & Central Asia
TZA,Tanzania,2022,45.8,Sub-Saharan Africa
THA,Thailand,2022,99.9,East Asia & Pacific
SAU,Saudi Arabia,2007,100.0,Middle East & North Africa
TZA,Tanzania,2021,42.7,Sub-Saharan Africa
THA,Thailand,2021,100.0,East Asia & Pacific
UGA,Uganda,2021,45.2,Sub-Saharan Africa
EGY,"Egypt, Arab Rep.",2000,97.7,Middle East & North Africa
ETH,Ethiopia,2000,12.7,Sub-Saharan Africa
FRA,France,2000,100.0,Europe & Central Asia
SWE,Sweden,2023,100.0,Europe & Central Asia
TZA,Tanzania,2023,48.3,Sub-Saharan Africa
THA,Thailand,2023,100.0,East Asia & Pacific
BRA,Brazil,2022,100.0,Latin America & Caribbean
MEX,Mexico,2015,99.0,Latin America & Caribbean
MAR,Morocco,2015,97.3,Middle East & North Africa
NPL,Nepal,2015,82.0,South Asia
PHL,Philippines,2018,94.2,East Asia & Pacific
POL,Poland,2018,100.0,Europe & Central Asia
DEU,Germany,2002,100.0,Europe & Central Asia
GHA,Ghana,2002,46.8,Sub-Saharan Africa
SWE,Sweden,2003,100.0,Europe & Central Asia
TZA,Tanzania,2003,11.1,Sub-Saharan Africa
THA,Thailand,2003,91.6,East Asia & Pacific
SAU,Saudi Arabia,2004,100.0,Middle East & North Africa
ZAF,South Africa,2007,82.0,Sub-Saharan Africa
ESP,Spain,2007,100.0,Europe & Central Asia
LKA,Sri Lanka,2007,80.0,South Asia
MYS,Malaysia,2003,98.7,East Asia & Pacific
EGY,"Egypt, Arab Rep.",2018,100.0,Middle East & North Africa
MEX,Mexico,2021,100.0,Latin America & Caribbean
MAR,Morocco,2021,100.0,Middle East & North Africa
NPL,Nepal,2021,89.9,South Asia
NLD,Netherlands,2021,100.0,Europe & Central Asia
EGY,"Egypt, Arab Rep.",2005,99.4,Middle East & North Africa
ETH,Ethiopia,2005,14.0,Sub-Saharan Africa
FRA,France,2005,100.0,Europe & Central Asia
AUS,Australia,2022,100.0,East Asia & Pacific
BGD,Bangladesh,2022,99.4,South Asia
BRA,Brazil,2021,99.5,Latin America & Caribbean
MYS,Malaysia,2015,99.9,East Asia & Pacific
KOR,"Korea, Rep.",2021,100.0,East Asia & Pacific
MYS,Malaysia,2022,100.0,East Asia & Pacific
MEX,Mexico,2022,100.0,Latin America & Caribbean
MAR,Morocco,2022,100.0,Middle East & North Africa
NPL,Nepal,2022,91.3,South Asia
NLD,Netherlands,2022,100.0,Europe & Central Asia
NZL,New Zealand,2022,100.0,East Asia & Pacific
PAK,Pakistan,2004,77.0,South Asia
PER,Peru,2004,75.7,Latin America & Caribbean
PHL,Philippines,2004,87.6,East Asia & Pacific
POL,Poland,2004,99.9,Europe & Central Asia
ZAF,South Africa,2008,81.9,Sub-Saharan Africa
ESP,Spain,2008,100.0,Europe & Central Asia
LKA,Sri Lanka,2008,82.9,South Asia
SWE,Sweden,2001,100.0,Europe & Central Asia
TZA,Tanzania,2001,9.7,Sub-Saharan Africa
THA,Thailand,2001,90.4,East Asia & Pacific
PHL,Philippines,2022,94.8,East Asia & Pacific
POL,Poland,2022,100.0,Europe & Central Asia
SAU,Saudi Arabia,2022,100.0,Middle East & North Africa
ZAF,South Africa,2021,89.3,Sub-Saharan Africa
ESP,Spain,2021,100.0,Europe & Central Asia
LKA,Sri Lanka,2021,100.0,South Asia
SWE,Sweden,2021,100.0,Europe & Central Asia
ZAF,South Africa,2022,86.5,Sub-Saharan Africa
ESP,Spain,2022,100.0,Europe & Central Asia
LKA,Sri Lanka,2022,100.0,South Asia
AUS,Australia,2023,100.0,East Asia & Pacific
BGD,Bangladesh,2023,99.5,South Asia
PAK,Pakistan,2005,78.1,South Asia
PER,Peru,2005,77.2,Latin America & Caribbean
PHL,Philippines,2005,79.8,East Asia & Pacific
POL,Poland,2005,99.8,Europe & Central Asia
ZAF,South Africa,2015,85.3,Sub-Saharan Africa
ESP,Spain,2015,100.0,Europe & Central Asia
LKA,Sri Lanka,2015,94.3,South Asia
EGY,"Egypt, Arab Rep.",2023,100.0,Middle East & North Africa
ETH,Ethiopia,2023,55.4,Sub-Saharan Africa
EGY,"Egypt, Arab Rep.",2006,99.0,Middle East & North Africa
ETH,Ethiopia,2006,18.6,Sub-Saharan Africa
ETH,Ethiopia,2022,55.4,Sub-Saharan Africa
FRA,France,2022,100.0,Europe & Central Asia
DEU,Germany,2022,100.0,Europe & Central Asia
GHA,Ghana,2022,85.1,Sub-Saharan Africa
EGY,"Egypt, Arab Rep.",2021,100.0,Middle East & North Africa
ZAF,South Africa,2005,80.8,Sub-Saharan Africa
ESP,Spain,2005,100.0,Europe & Central Asia
LKA,Sri Lanka,2005,78.1,South Asia
MEX,Mexico,2005,98.9,Latin America & Caribbean
MAR,Morocco,2005,78.6,Middle East & North Africa
EGY,"Egypt, Arab Rep.",2022,100.0,Middle East & North Africa
ARG,Argentina,2005,96.7,Latin America & Caribbean
ARG,Argentina,2023,100.0,Latin America & Caribbean
